{
    "rmse": 5.574313222791279,
    "r2_score": 0.6861384550974963
}